{"user_01536\titem_0361": 0.1411734233811069, "user_01536\titem_0454": 0.13937043908242924, "user_01536\titem_0388": 0.13933905296017282, "user_01536\titem_0063": 0.14132643634212455, "user_01536\titem_0190": 0.14147626274889158, "user_01536\titem_0094": 0.22790669586429851, "user_01536\titem_0045": 0.5274656843603627, "user_01536\titem_0309": 0.0, "user_01536\titem_0464": 0.14240299499891793, "user_01536\titem_0123": 0.527642343517819, "user_01536\titem_0394": 0.1386460327807253, "user_01536\titem_0366": 0.13957603481314096, "user_01536\titem_0296": 0.02842053044551799, "user_01536\titem_0174": 0.1389386090404807, "user_01536\titem_0288": 0.5284983322873297, "user_01536\titem_0233": 0.5276284456548951, "user_01536\titem_0183": 0.1382153760697062, "user_01536\titem_0018": 0.027621245371689886, "user_01536\titem_0499": 0.15461092285613187, "user_01536\titem_0171": 0.14127878761149465, "user_01536\titem_0297": 0.14256010367687563, "user_01536\titem_0336": 0.7277678704417376, "user_01536\titem_0048": 0.7276000672051879, "user_01536\titem_0301": 0.1423871868496647, "user_01184\titem_0079": 0.1387605768182002, "user_01184\titem_0429": 0.5275901622960893, "user_01184\titem_0274": 0.14388676620614807, "user_01184\titem_0398": 0.5284734827626283, "user_01184\titem_0361": 0.1411734233811069, "user_01184\titem_0363": 0.13981609048150662, "user_01184\titem_0163": 0.529947286257589, "user_01184\titem_0329": 0.5288693009663559, "user_01184\titem_0264": 0.1379171506377059, "user_01184\titem_0322": 0.02744019335573318, "user_01184\titem_0474": 0.527420452685372, "user_01184\titem_0031": 0.5276284456548951, "user_01184\titem_0497": 0.13937043908242924, "user_01184\titem_0378": 0.5288693009663559, "user_01184\titem_0399": 0.5283818122962641, "user_01184\titem_0119": 0.3010162319482327, "user_01184\titem_0040": 0.5025217706076934, "user_01184\titem_0328": 0.14507479916136973, "user_01184\titem_0076": 0.14218640100206761, "user_01184\titem_0435": 0.13917318833273748, "user_01184\titem_0092": 0.13868883716756153, "user_01184\titem_0478": 0.13937043908242924, "user_01184\titem_0430": 0.5289159871694605, "user_01184\titem_0355": 0.14193551916322522, "user_01184\titem_0219": 0.14520294879553514, "user_03379\titem_0116": 0.1380133601769073, "user_03379\titem_0061": 0.14132643634212455, "user_03379\titem_0303": 0.14507479916136973, "user_03379\titem_0399": 0.5283818122962641, "user_03379\titem_0075": 0.5303252494023178, "user_03379\titem_0409": 0.13956659788307632, "user_03379\titem_0230": 0.14865065633522961, "user_03379\titem_0453": 0.16104963279138487, "user_03379\titem_0379": 0.7280225290730167, "user_03379\titem_0391": 0.14224939858178623, "user_03379\titem_0470": 0.1432874274112442, "user_03379\titem_0417": 0.14330493370555414, "user_03379\titem_0381": 0.14520294879553514, "user_03379\titem_0353": 0.13946694409858576, "user_03379\titem_0466": 0.14033815792248547, "user_03379\titem_0050": 0.1380270131462943, "user_03379\titem_0109": 0.1403063608711958, "user_03379\titem_0213": 0.5284734827626283, "user_03379\titem_0275": 0.5287514257001328, "user_03379\titem_0125": 0.5287053870986812, "user_03379\titem_0354": 0.14281562219661645, "user_03379\titem_0283": 0.13917537608082564, "user_03826\titem_0301": 0.1423871868496647, "user_03826\titem_0429": 0.5275901622960893, "user_03826\titem_0250": 0.14485715348788397, "user_03826\titem_0371": 0.1387605768182002, "user_03826\titem_0425": 0.14115483285033947, "user_03826\titem_0350": 0.15124254056806175, "user_03826\titem_0411": 0.13868820193030182, "user_03826\titem_0290": 0.5276284456548951, "user_03826\titem_0013": 0.14306208493781178, "user_03826\titem_0122": 0.5288266727329796, "user_03826\titem_0261": 0.1439823854440234, "user_03826\titem_0041": 0.14289989139472511, "user_03826\titem_0153": 0.5288234118642732, "user_03826\titem_0007": 0.14388676620614807, "user_03826\titem_0043": 0.13979982270068433, "user_03826\titem_0056": 0.027190387038302725, "user_03826\titem_0421": 0.5275305444813558, "user_03826\titem_0375": 0.14023494741487907, "user_03826\titem_0388": 0.13933905296017282, "user_03826\titem_0100": 0.14147626274889158, "user_03826\titem_0495": 0.5271903870383027, "user_00644\titem_0197": 0.5275545197088538, "user_00644\titem_0211": 0.0, "user_00644\titem_0426": 0.5302589420726864, "user_00644\titem_0395": 0.16082170680720415, "user_00644\titem_0042": 0.15376026049968372, "user_00644\titem_0206": 0.528125807678403, "user_00644\titem_0498": 0.14330493370555414, "user_00644\titem_0041": 0.14289989139472511}